<?xml version="1.0"?>
<doc>
    <assembly>
        <name>asg_form</name>
    </assembly>
    <members>
        <member name="M:asg_form.Controllers.admin.getalladmin(System.Int16,System.Int16)">
            <summary>
            获取所有用户-支持分页
            </summary>
            <param name="page"></param>
            <param name="page_long"></param>
            <returns></returns>
        </member>
        <member name="M:asg_form.Controllers.admin.setadmin(System.String)">
            <summary>
            设置管理员,需要superadmin
            </summary>
            <param name="userid"></param>
            <returns></returns>
        </member>
        <member name="M:asg_form.Controllers.admin.Post(asg_form.Controllers.login.newuser_get,System.String)">
            <summary>
            管理员直接添加一个用户
            </summary>
            <param name="newuser"></param>
            <param name="captoken"></param>
            <returns></returns>
        </member>
        <member name="M:asg_form.Controllers.admin.deluser(System.String)">
            <summary>
            删除用户,需要superadmin
            </summary>
            <param name="userid"></param>
            <returns></returns>
        </member>
        <member name="M:asg_form.Controllers.admin.setofficium(System.String,System.String)">
            <summary>
            设置职位,需要superadmin
            </summary>
            <param name="userid">用户id</param>
            <param name="officium">职位名称</param>
            <returns></returns>
        </member>
        <member name="M:asg_form.Controllers.admin.delform(System.String)">
            <summary>
            删除表单
            </summary>
            <param name="formid">表单id</param>
            <param name="password">表单密码</param>
            <returns></returns>
        </member>
        <member name="M:asg_form.Controllers.excel.Get(System.String)">
            <summary>
            通过战队名搜索一个战队的详细信息
            </summary>
            <param name="search"></param>
            <returns></returns>
        </member>
        <member name="M:asg_form.Controllers.excel.Post(System.Int16,System.Int16)">
            <summary>
            获得所有战队信息
            </summary>
            <param name="page"></param>
            <param name="page_long"></param>
            <returns></returns>
        </member>
        <member name="P:asg_form.Controllers.excel.allteam.Id">
            <summary>
            战队id
            </summary>
        </member>
        <member name="P:asg_form.Controllers.excel.allteam.Name">
            <summary>
            战队名称
            </summary>
        </member>
        <member name="P:asg_form.Controllers.excel.allteam.role">
            <summary>
            战队的角色
            </summary>
        </member>
        <member name="M:asg_form.Controllers.提交表单.Post(System.String,System.String)">
            <summary>
            点赞表单
            </summary>
            <param name="name">队伍名称</param>
            <param name="captoken">谷歌验证码token</param>
            <returns></returns>
        </member>
        <member name="M:asg_form.Controllers.提交表单.updateform(System.String,System.String,asg_form.Controllers.form_get)">
            <summary>
            修改问卷
            </summary>
            <param name="password">密码</param>
            <param name="formid">队伍名称</param>
            <param name="for1">队伍信息</param>
            <returns></returns>
        </member>
        <member name="M:asg_form.Controllers.提交表单.PostAsync(asg_form.Controllers.form_get,System.String)">
            <summary>
            提交表单
            </summary>
            <param name="for1">表单信息</param>
            <param name="captoken">谷歌人机验证验证码</param>
            <returns></returns>
        </member>
        <member name="M:asg_form.Controllers.提交表单.Getform(System.Int16,System.Int16,System.String)">
            <summary>
            获得所有表单信息
            </summary>
            <param name="page">页数</param>
            <param name="page_long">每页长度</param>
            <returns></returns>
        </member>
        <member name="M:asg_form.Controllers.提交表单.formsearch(System.String)">
            <summary>
            搜索表单
            </summary>
            <param name="team_name">表单名称</param>
            <returns></returns>
        </member>
        <member name="M:asg_form.Controllers.login.Post(asg_form.Controllers.login.newuser_get,System.String)">
            <summary>
            注册
            </summary>
            <param name="newuser">用户信息</param>
            <param name="captoken">谷歌人机验证token</param>
            <returns></returns>
        </member>
        <member name="M:asg_form.Controllers.login.okemail(asg_form.Controllers.login.ok_email_get)">
            <summary>
            确认邮件验证码
            </summary>
            <param name="EMail">邮箱</param>
            <returns></returns>
        </member>
        <member name="M:asg_form.Controllers.login.getuser">
            <summary>
            获取我自己的信息
            </summary>
            <returns></returns>
        </member>
        <member name="M:asg_form.Controllers.login.setusername(System.String)">
            <summary>
            修改中文名称
            </summary>
            <param name="newchinaname">新的中文名称</param>
            <returns></returns>
        </member>
        <member name="M:asg_form.Controllers.login.SendEmail(System.String,System.String,System.String)">
            <summary>
            发送邮件
            </summary>
            <param name="email">收件人邮箱</param>
            <param name="title">标题</param>
            <param name="content">发送内容</param>
            <returns></returns>
        </member>
        <member name="M:asg_form.Controllers.login.getuserbyop(System.String)">
            <summary>
            根据职位获取用户
            </summary>
            <param name="req">用户信息</param>
            <param name="jwtOptions"></param>
            <returns></returns>
        </member>
        <member name="M:asg_form.Controllers.login.login1(asg_form.LoginRequest,Microsoft.Extensions.Options.IOptions{asg_form.JWTOptions})">
            <summary>
            登陆
            </summary>
            <param name="req">用户信息</param>
            <param name="jwtOptions"></param>
            <returns></returns>
        </member>
        <member name="M:asg_form.Controllers.news.Post(System.String)">
            <summary>
            通过密码获得管理员
            </summary>
            <param name="password">密码</param>
            <returns></returns>
        </member>
        <member name="M:asg_form.Controllers.news.getnews">
            <summary>
            获得所有新闻
            </summary>
            <returns></returns>
        </member>
        <member name="M:asg_form.Controllers.news.Post(asg_form.Controllers.req_news)">
            <summary>
            发布新闻
            </summary>
            <param name="req_News">新闻内容</param>
            <returns></returns>
        </member>
        <member name="P:asg_form.Controllers.req_news.Title">
            <summary>
            标题
            </summary>
        </member>
        <member name="P:asg_form.Controllers.req_news.msg">
            <summary>
            内容，推荐使用markdown格式
            </summary>
        </member>
        <member name="M:asg_form.Controllers.schedule.gamepost(asg_form.Controllers.schedule.req_team_game)">
            <summary>
            发布一个竞猜比赛
            </summary>
            <param name="req"></param>
            <returns></returns>
        </member>
        <member name="M:asg_form.Controllers.schedule.gamepost(System.Int64,System.String)">
            <summary>
            发布胜利者
            </summary>
            <param name="teamid"></param>
            <param name="winteam"></param>
            <returns></returns>
        </member>
        <member name="M:asg_form.Controllers.schedule.gamepush(System.Int32)">
            <summary>
            删除竞猜比赛
            </summary>
            <param name="gameid"></param>
            <returns></returns>
        </member>
        <member name="M:asg_form.Controllers.schedule.gamepush(System.Int32,System.Int32)">
            <summary>
            投票
            </summary>
            <param name="gameid"></param>
            <param name="teamid"></param>
            <returns></returns>
        </member>
        <member name="M:asg_form.Controllers.schedule.gameall">
            <summary>
            获得所有比赛
            </summary>
            <returns></returns>
        </member>
        <member name="M:asg_form.Controllers.schedule.mylog">
            <summary>
            获取我的竞猜
            </summary>
            <returns></returns>
        </member>
        <member name="P:asg_form.Controllers.schedule.team_game.commentary">
            <summary>
            解说的名字，用逗号隔开！！！！！！！
            </summary>
        </member>
        <member name="P:asg_form.Controllers.schedule.team_game.referee">
            <summary>
            裁判的名字
            </summary>
        </member>
        <member name="P:asg_form.Controllers.schedule.team_game.bilibiliuri">
            <summary>
            bilibili录屏路径
            </summary>
        </member>
        <member name="P:asg_form.Controllers.schedule.req_team_game.commentary">
            <summary>
            解说的名字，用逗号隔开！！！！！！！
            </summary>
        </member>
        <member name="P:asg_form.Controllers.schedule.req_team_game.referee">
            <summary>
            裁判的名字
            </summary>
        </member>
        <member name="M:asg_form.Controllers.user_form.Addform(System.String,System.String)">
            <summary>
            绑定表单
            </summary>
            <param name="formname">表单名称</param>
            <param name="formpassword">表单密码</param>
            <returns></returns>
        </member>
        <member name="M:asg_form.Controllers.user_form.getmyform">
            <summary>
            获取我的表单
            </summary>
            <returns></returns>
        </member>
        <member name="M:asg_form.Controllers.user_form.putmyform(asg_form.Controllers.form_get)">
            <summary>
            修改我的表单
            </summary>
            <returns></returns>
        </member>
        <member name="T:asg_form.Migrations.qq">
            <inheritdoc />
        </member>
        <member name="M:asg_form.Migrations.qq.Up(Microsoft.EntityFrameworkCore.Migrations.MigrationBuilder)">
            <inheritdoc />
        </member>
        <member name="M:asg_form.Migrations.qq.Down(Microsoft.EntityFrameworkCore.Migrations.MigrationBuilder)">
            <inheritdoc />
        </member>
        <member name="M:asg_form.Migrations.qq.BuildTargetModel(Microsoft.EntityFrameworkCore.ModelBuilder)">
            <inheritdoc />
        </member>
        <member name="T:asg_form.Migrations.booking">
            <inheritdoc />
        </member>
        <member name="M:asg_form.Migrations.booking.Up(Microsoft.EntityFrameworkCore.Migrations.MigrationBuilder)">
            <inheritdoc />
        </member>
        <member name="M:asg_form.Migrations.booking.Down(Microsoft.EntityFrameworkCore.Migrations.MigrationBuilder)">
            <inheritdoc />
        </member>
        <member name="M:asg_form.Migrations.booking.BuildTargetModel(Microsoft.EntityFrameworkCore.ModelBuilder)">
            <inheritdoc />
        </member>
        <member name="T:asg_form.Migrations.com">
            <inheritdoc />
        </member>
        <member name="M:asg_form.Migrations.com.Up(Microsoft.EntityFrameworkCore.Migrations.MigrationBuilder)">
            <inheritdoc />
        </member>
        <member name="M:asg_form.Migrations.com.Down(Microsoft.EntityFrameworkCore.Migrations.MigrationBuilder)">
            <inheritdoc />
        </member>
        <member name="M:asg_form.Migrations.com.BuildTargetModel(Microsoft.EntityFrameworkCore.ModelBuilder)">
            <inheritdoc />
        </member>
        <member name="T:asg_form.Migrations.msg">
            <inheritdoc />
        </member>
        <member name="M:asg_form.Migrations.msg.Up(Microsoft.EntityFrameworkCore.Migrations.MigrationBuilder)">
            <inheritdoc />
        </member>
        <member name="M:asg_form.Migrations.msg.Down(Microsoft.EntityFrameworkCore.Migrations.MigrationBuilder)">
            <inheritdoc />
        </member>
        <member name="M:asg_form.Migrations.msg.BuildTargetModel(Microsoft.EntityFrameworkCore.ModelBuilder)">
            <inheritdoc />
        </member>
        <member name="T:asg_form.Migrations.news">
            <inheritdoc />
        </member>
        <member name="M:asg_form.Migrations.news.Up(Microsoft.EntityFrameworkCore.Migrations.MigrationBuilder)">
            <inheritdoc />
        </member>
        <member name="M:asg_form.Migrations.news.Down(Microsoft.EntityFrameworkCore.Migrations.MigrationBuilder)">
            <inheritdoc />
        </member>
        <member name="M:asg_form.Migrations.news.BuildTargetModel(Microsoft.EntityFrameworkCore.ModelBuilder)">
            <inheritdoc />
        </member>
        <member name="T:asg_form.Migrations.bloga">
            <inheritdoc />
        </member>
        <member name="M:asg_form.Migrations.bloga.Up(Microsoft.EntityFrameworkCore.Migrations.MigrationBuilder)">
            <inheritdoc />
        </member>
        <member name="M:asg_form.Migrations.bloga.Down(Microsoft.EntityFrameworkCore.Migrations.MigrationBuilder)">
            <inheritdoc />
        </member>
        <member name="M:asg_form.Migrations.bloga.BuildTargetModel(Microsoft.EntityFrameworkCore.ModelBuilder)">
            <inheritdoc />
        </member>
        <member name="T:asg_form.Migrations.shd">
            <inheritdoc />
        </member>
        <member name="M:asg_form.Migrations.shd.Up(Microsoft.EntityFrameworkCore.Migrations.MigrationBuilder)">
            <inheritdoc />
        </member>
        <member name="M:asg_form.Migrations.shd.Down(Microsoft.EntityFrameworkCore.Migrations.MigrationBuilder)">
            <inheritdoc />
        </member>
        <member name="M:asg_form.Migrations.shd.BuildTargetModel(Microsoft.EntityFrameworkCore.ModelBuilder)">
            <inheritdoc />
        </member>
        <member name="T:asg_form.Migrations.base64">
            <inheritdoc />
        </member>
        <member name="M:asg_form.Migrations.base64.Up(Microsoft.EntityFrameworkCore.Migrations.MigrationBuilder)">
            <inheritdoc />
        </member>
        <member name="M:asg_form.Migrations.base64.Down(Microsoft.EntityFrameworkCore.Migrations.MigrationBuilder)">
            <inheritdoc />
        </member>
        <member name="M:asg_form.Migrations.base64.BuildTargetModel(Microsoft.EntityFrameworkCore.ModelBuilder)">
            <inheritdoc />
        </member>
        <member name="T:asg_form.Migrations.newstime">
            <inheritdoc />
        </member>
        <member name="M:asg_form.Migrations.newstime.Up(Microsoft.EntityFrameworkCore.Migrations.MigrationBuilder)">
            <inheritdoc />
        </member>
        <member name="M:asg_form.Migrations.newstime.Down(Microsoft.EntityFrameworkCore.Migrations.MigrationBuilder)">
            <inheritdoc />
        </member>
        <member name="M:asg_form.Migrations.newstime.BuildTargetModel(Microsoft.EntityFrameworkCore.ModelBuilder)">
            <inheritdoc />
        </member>
        <member name="T:asg_form.Migrations.userbase">
            <inheritdoc />
        </member>
        <member name="M:asg_form.Migrations.userbase.Up(Microsoft.EntityFrameworkCore.Migrations.MigrationBuilder)">
            <inheritdoc />
        </member>
        <member name="M:asg_form.Migrations.userbase.Down(Microsoft.EntityFrameworkCore.Migrations.MigrationBuilder)">
            <inheritdoc />
        </member>
        <member name="M:asg_form.Migrations.userbase.BuildTargetModel(Microsoft.EntityFrameworkCore.ModelBuilder)">
            <inheritdoc />
        </member>
    </members>
</doc>
